{
  "phie": {
    "NMAE": 58.44012461545402,
    "NRMSE": 62.27448093989898,
    "R2": -7.363247839541046,
    "MAE": 0.2110189725607229,
    "RMSE": 0.2248642875277981
  },
  "phis_c": {
    "NMAE": 58.02075725720422,
    "NRMSE": 61.88263896284719,
    "R2": -7.253451276131022,
    "MAE": 0.2226039364230597,
    "RMSE": 0.23742053155754642
  },
  "cs_a": {
    "NMAE": 53.06216035629872,
    "NRMSE": 57.31245462831445,
    "R2": -5.9990916135751196,
    "MAE": 0.26722807818226113,
    "RMSE": 0.2886331239322503
  },
  "cs_c": {
    "NMAE": 51.46296326324208,
    "NRMSE": 55.81254574058069,
    "R2": -5.675878025203821,
    "MAE": 0.31020097615919223,
    "RMSE": 0.33641875774036023
  }
}